Fund Name,P1,P2,P3,P4,P5,Topsis Score,Rank
M1,0.9,0.81,4.3,65.5,17.88,0.3848981986872829,8
M2,0.6,0.36,5.7,33.8,10.12,0.580015011882076,2
M3,0.73,0.53,6.8,53.5,15.39,0.5915477514809294,1
M4,0.85,0.72,4.6,69.6,18.94,0.41433292849048586,7
M5,0.76,0.58,5.1,40.5,11.74,0.5013039327558403,4
M6,0.9,0.81,4.9,43.6,12.55,0.4143748567765458,6
M7,0.66,0.44,6.4,67.4,18.73,0.5605775903973225,3
M8,0.86,0.74,5.7,52.4,14.93,0.44917135525447904,5
